Things To do,Price
Private Old and New Delhi City Best of Tour in 8 Hours,₹ 950.60
Small-Group Delhi Slum Tour: Sanjay Colony,₹ 952.01
Private Day Tour of Taj Mahal and Agra Fort By Superfast Train - All...,"₹ 3,102.86"
Old Delhi Street Food Tour,"₹ 1,956.91"
Taj Mahal & Agra Fort: Private Sunrise Tour from Delhi,"₹ 1,690.35"
Delhi Indira Gandhi International Airport Plaza Premium Lounge...,"₹ 1,343.62"
Delhi Gandhi International Airport Plaza Premium Lounge (Arrivals),"₹ 1,343.62"
Private Old and New Delhi Full-Day Combo Tour,₹ 902.65
"All Inclusive Day Trip to Taj Mahal, Agra Fort and Baby Taj from...","₹ 1,833.51"
Full Day Taj Mahal & Agra Tour from Delhi by Express Train,"₹ 3,179.72"
